{
    "Vanguard01": 231.23213267326355,
    "Vanguard02": 210.87095999717712,
    "Vanguard03": 231.23213267326355,
    "Vanguard04": 231.23213267326355,
    "Vanguard05": 231.23213267326355,
    "Vanguard06": 210.87095999717712,
    "Vanguard07": 231.23213267326355,
    "Vanguard08": 231.23213267326355,
    "Vanguard09": 210.87095999717712,
    "Vanguard10": 231.23213267326355,
    "Vanguard11": 231.23213267326355,
    "Vanguard12": 231.23213267326355,
    "Vanguard13": 229.16215085983276,
    "Vanguard14": 229.16215085983276,
    "Vanguard15": 210.87095999717712,
    "Vanguard16": 0,
    "Vanguard17": 0,
    "Vanguard18": 0,
    "Vanguard19": 0,
    "Vanguard20": 0,
    "Vanguard21": 0,
    "Vanguard22": 0,
    "Vanguard23": 0,
    "Vanguard24": 0,
    "Vanguard25": 0,
    "Vanguard26": 0,
    "Vanguard27": 0,
    "Vanguard28": 0,
    "Vanguard29": 0,
    "Vanguard30": 0
}