{
    "Vanguard01": 906.7519540786743,
    "Vanguard02": 1383.7542762756348,
    "Vanguard03": 1264.5781137943268,
    "Vanguard04": 1262.555413722992,
    "Vanguard05": 1381.717307806015,
    "Vanguard06": 1262.555413722992,
    "Vanguard07": 1317.0371224880219,
    "Vanguard08": 1379.6880509853363,
    "Vanguard09": 1379.6880509853363,
    "Vanguard10": 1379.6880509853363,
    "Vanguard11": 904.7277715206146,
    "Vanguard12": 1317.0371224880219,
    "Vanguard13": 1377.664202928543,
    "Vanguard14": 1375.6379342079163,
    "Vanguard15": 1306.9610505104065,
    "Vanguard16": 0,
    "Vanguard17": 0,
    "Vanguard18": 0,
    "Vanguard19": 0,
    "Vanguard20": 0,
    "Vanguard21": 0,
    "Vanguard22": 0,
    "Vanguard23": 0,
    "Vanguard24": 0,
    "Vanguard25": 0,
    "Vanguard26": 0,
    "Vanguard27": 0,
    "Vanguard28": 0,
    "Vanguard29": 0,
    "Vanguard30": 0
}