{
    "Vanguard01": 55891.84332489967,
    "Vanguard02": 59331.50595021248,
    "Vanguard03": 67839.81045341492,
    "Vanguard04": 103774.99076032639,
    "Vanguard05": 48065.84983277321,
    "Vanguard06": 27003.844178915024,
    "Vanguard07": 40943.35640025139,
    "Vanguard08": 59612.061460733414,
    "Vanguard09": 36606.44770169258,
    "Vanguard10": 50704.23749780655,
    "Vanguard11": 97167.81734371185,
    "Vanguard12": 76061.70819997787,
    "Vanguard13": 57015.208993434906,
    "Vanguard14": 68254.59195899963,
    "Vanguard15": 67680.971773386,
    "Vanguard16": 0,
    "Vanguard17": 0,
    "Vanguard18": 0,
    "Vanguard19": 0,
    "Vanguard20": 0,
    "Vanguard21": 0,
    "Vanguard22": 0,
    "Vanguard23": 0,
    "Vanguard24": 0,
    "Vanguard25": 0,
    "Vanguard26": 0,
    "Vanguard27": 0,
    "Vanguard28": 0,
    "Vanguard29": 0,
    "Vanguard30": 0
}