{
    "Vanguard01": 792.4635248184204,
    "Vanguard02": 1269.4658470153809,
    "Vanguard03": 1150.2896845340729,
    "Vanguard04": 1148.266984462738,
    "Vanguard05": 1267.428878545761,
    "Vanguard06": 1148.266984462738,
    "Vanguard07": 1202.748693227768,
    "Vanguard08": 1265.3996217250824,
    "Vanguard09": 1265.3996217250824,
    "Vanguard10": 1265.3996217250824,
    "Vanguard11": 790.4393422603607,
    "Vanguard12": 1202.748693227768,
    "Vanguard13": 1263.3757736682892,
    "Vanguard14": 1261.3495049476624,
    "Vanguard15": 1192.6726212501526,
    "Vanguard16": 0,
    "Vanguard17": 0,
    "Vanguard18": 0,
    "Vanguard19": 0,
    "Vanguard20": 0,
    "Vanguard21": 0,
    "Vanguard22": 0,
    "Vanguard23": 0,
    "Vanguard24": 0,
    "Vanguard25": 0,
    "Vanguard26": 0,
    "Vanguard27": 0,
    "Vanguard28": 0,
    "Vanguard29": 0,
    "Vanguard30": 0
}