{
    "Vanguard01": 1984.0795571804047,
    "Vanguard02": 2461.081879377365,
    "Vanguard03": 2341.905716896057,
    "Vanguard04": 2339.8830168247223,
    "Vanguard05": 2459.0449109077454,
    "Vanguard06": 2341.886673927307,
    "Vanguard07": 2396.368382692337,
    "Vanguard08": 2459.0193111896515,
    "Vanguard09": 2459.0193111896515,
    "Vanguard10": 2459.0193111896515,
    "Vanguard11": 1984.0590317249298,
    "Vanguard12": 2396.368382692337,
    "Vanguard13": 2456.9954631328583,
    "Vanguard14": 2454.9691944122314,
    "Vanguard15": 2386.2923107147217,
    "Vanguard16": 0,
    "Vanguard17": 0,
    "Vanguard18": 0,
    "Vanguard19": 0,
    "Vanguard20": 0,
    "Vanguard21": 0,
    "Vanguard22": 0,
    "Vanguard23": 0,
    "Vanguard24": 0,
    "Vanguard25": 0,
    "Vanguard26": 0,
    "Vanguard27": 0,
    "Vanguard28": 0,
    "Vanguard29": 0,
    "Vanguard30": 0
}
